cod_mun,suicidio_observado_sexo_idade
110001,5.0
110002,11.0
110003,0.0
110004,7.0
110005,0.0
110006,3.0
110007,0.0
110008,0.0
110009,0.0
110010,5.0
110011,5.0
110012,7.0
110013,0.0
110014,1.0
110015,5.0
110018,6.0
110020,43.0
110025,1.0
110026,0.0
110028,3.0
110029,2.0
110030,16.0
110032,0.0
110033,0.0
110034,1.0
110037,2.0
110040,1.0
110045,0.0
110050,0.0
110060,1.0
110070,0.0
110080,1.0
110090,0.0
110092,1.0
110094,1.0
110100,2.0
110110,1.0
110120,1.0
110130,1.0
110140,1.0
110143,2.0
110145,0.0
110146,0.0
110147,0.0
110148,0.0
110149,1.0
110150,2.0
110155,0.0
110160,0.0
110170,0.0
110175,0.0
110180,1.0
120001,3.0
120005,0.0
120010,9.0
120013,2.0
120017,1.0
120020,6.0
120025,2.0
120030,0.0
120032,0.0
120033,0.0
120034,0.0
120035,1.0
120038,0.0
120039,0.0
120040,28.0
120042,1.0
120043,3.0
120045,2.0
120050,4.0
120060,5.0
120070,3.0
120080,2.0
130002,2.0
130006,3.0
130008,1.0
130010,2.0
130014,1.0
130020,2.0
130030,1.0
130040,1.0
130050,1.0
130060,9.0
130063,1.0
130068,2.0
130070,0.0
130080,1.0
130083,0.0
130090,2.0
130100,1.0
130110,0.0
130115,1.0
130120,2.0
130130,3.0
130140,7.0
130150,0.0
130160,0.0
130165,1.0
130170,7.0
130180,1.0
130185,0.0
130190,3.0
130195,1.0
130200,1.0
130210,1.0
130220,0.0
130230,2.0
130240,0.0
130250,7.0
130255,0.0
130260,107.0
130270,2.0
130280,1.0
130290,3.0
130300,1.0
130310,0.0
130320,3.0
130330,0.0
130340,6.0
130350,0.0
130353,2.0
130356,3.0
130360,0.0
130370,7.0
130380,11.0
130390,8.0
130395,0.0
130400,1.0
130406,20.0
130410,3.0
130420,6.0
130423,0.0
130426,1.0
130430,1.0
130440,2.0
140002,4.0
140005,1.0
140010,30.0
140015,1.0
140017,0.0
140020,3.0
140023,0.0
140028,0.0
140030,3.0
140040,0.0
140045,4.0
140047,0.0
140050,3.0
140060,0.0
140070,1.0
150010,2.0
150013,0.0
150020,3.0
150030,2.0
150034,0.0
150040,1.0
150050,3.0
150060,6.0
150070,3.0
150080,17.0
150085,1.0
150090,0.0
150095,0.0
150100,0.0
150110,0.0
150120,0.0
150125,1.0
150130,6.0
150140,55.0
150145,0.0
150150,0.0
150157,0.0
150160,0.0
150170,5.0
150172,2.0
150175,0.0
150178,1.0
150180,6.0
150190,3.0
150195,0.0
150200,0.0
150210,7.0
150215,1.0
150220,0.0
150230,2.0
150240,9.0
150250,0.0
150260,1.0
150270,3.0
150275,1.0
150276,0.0
150277,1.0
150280,1.0
150285,1.0
150290,2.0
150293,1.0
150295,0.0
150300,1.0
150304,2.0
150307,1.0
150309,1.0
150310,1.0
150320,2.0
150330,2.0
150340,2.0
150345,0.0
150350,2.0
150360,18.0
150370,2.0
150375,2.0
150380,3.0
150390,3.0
150400,0.0
150405,1.0
150410,0.0
150420,8.0
150430,1.0
150440,0.0
150442,2.0
150445,0.0
150450,0.0
150460,0.0
150470,7.0
150475,2.0
150480,3.0
150490,0.0
150495,1.0
150497,0.0
150500,0.0
150503,4.0
150506,4.0
150510,4.0
150520,2.0
150530,3.0
150540,0.0
150543,2.0
150548,2.0
150549,1.0
150550,6.0
150553,11.0
150555,0.0
150560,0.0
150563,0.0
150565,0.0
150570,2.0
150580,5.0
150590,2.0
150600,2.0
150610,0.0
150611,0.0
150613,2.0
150616,1.0
150618,2.0
150619,4.0
150620,2.0
150630,1.0
150635,0.0
150640,0.0
150650,5.0
150655,0.0
150658,1.0
150660,1.0
150670,7.0
150680,18.0
150690,0.0
150700,0.0
150710,1.0
150715,1.0
150720,0.0
150730,1.0
150740,0.0
150745,1.0
150746,0.0
150747,0.0
150750,0.0
150760,2.0
150770,0.0
150775,0.0
150780,0.0
150790,1.0
150795,1.0
150796,2.0
150797,1.0
150800,0.0
150803,4.0
150805,1.0
150808,2.0
150810,10.0
150812,2.0
150815,2.0
150820,0.0
150830,0.0
150835,2.0
150840,5.0
160005,0.0
160010,0.0
160015,1.0
160020,0.0
160021,0.0
160023,0.0
160025,0.0
160027,2.0
160030,45.0
160040,3.0
160050,3.0
160053,0.0
160055,0.0
160060,5.0
160070,2.0
160080,0.0
170025,0.0
170030,0.0
170035,2.0
170040,2.0
170070,1.0
170100,0.0
170105,0.0
170110,0.0
170130,0.0
170190,0.0
170200,0.0
170210,10.0
170215,0.0
170220,2.0
170230,2.0
170240,1.0
170255,3.0
170270,0.0
170290,1.0
170300,2.0
170305,0.0
170307,0.0
170310,1.0
170320,0.0
170330,0.0
170360,0.0
170370,2.0
170380,1.0
170382,1.0
170384,0.0
170386,0.0
170388,0.0
170389,1.0
170390,1.0
170410,0.0
170460,0.0
170510,0.0
170550,5.0
170555,2.0
170560,1.0
170600,1.0
170610,1.0
170625,0.0
170650,1.0
170700,2.0
170710,1.0
170720,0.0
170730,0.0
170740,2.0
170755,0.0
170765,0.0
170770,1.0
170820,4.0
170825,0.0
170830,1.0
170900,1.0
170930,3.0
170950,9.0
170980,0.0
171050,0.0
171070,0.0
171090,0.0
171110,1.0
171150,0.0
171180,0.0
171190,4.0
171195,0.0
171200,3.0
171215,0.0
171240,0.0
171245,0.0
171250,0.0
171270,0.0
171280,0.0
171320,1.0
171330,2.0
171360,0.0
171370,0.0
171380,3.0
171395,0.0
171420,3.0
171430,0.0
171488,0.0
171500,0.0
171510,0.0
171515,1.0
171525,0.0
171550,0.0
171570,0.0
171575,1.0
171610,3.0
171620,1.0
171630,0.0
171650,0.0
171660,0.0
171665,1.0
171670,1.0
171700,0.0
171720,0.0
171750,0.0
171780,0.0
171790,1.0
171800,0.0
171820,6.0
171830,0.0
171840,1.0
171845,0.0
171850,1.0
171855,0.0
171865,0.0
171870,1.0
171875,0.0
171880,1.0
171884,0.0
171886,1.0
171888,0.0
171889,0.0
171890,0.0
171900,0.0
172000,0.0
172010,0.0
172015,0.0
172020,1.0
172025,0.0
172030,1.0
172049,0.0
172065,1.0
172080,0.0
172085,0.0
172090,1.0
172093,0.0
172097,0.0
172100,20.0
172110,0.0
172120,3.0
172125,1.0
172130,1.0
172208,0.0
172210,0.0
210005,6.0
210010,1.0
210015,0.0
210020,0.0
210030,3.0
210040,0.0
210043,2.0
210047,3.0
210050,0.0
210055,1.0
210060,2.0
210070,0.0
210080,0.0
210083,0.0
210087,0.0
210090,0.0
210095,2.0
210100,0.0
210110,0.0
210120,7.0
210125,0.0
210130,0.0
210135,0.0
210140,15.0
210150,0.0
210160,8.0
210170,0.0
210173,0.0
210177,1.0
210180,0.0
210190,4.0
210193,0.0
210197,0.0
210200,1.0
210203,2.0
210207,0.0
210210,1.0
210215,1.0
210220,1.0
210230,1.0
210232,4.0
210235,1.0
210237,0.0
210240,0.0
210250,0.0
210255,1.0
210260,0.0
210270,0.0
210275,1.0
210280,2.0
210290,0.0
210300,14.0
210310,1.0
210312,1.0
210315,1.0
210317,0.0
210320,5.0
210325,2.0
210330,6.0
210340,3.0
210350,5.0
210355,0.0
210360,1.0
210370,1.0
210375,2.0
210380,0.0
210390,0.0
210400,1.0
210405,2.0
210407,0.0
210408,0.0
210409,1.0
210410,2.0
210420,2.0
210430,0.0
210440,0.0
210450,2.0
210455,3.0
210460,0.0
210462,0.0
210465,0.0
210467,1.0
210470,0.0
210480,8.0
210490,0.0
210500,2.0
210510,1.0
210515,2.0
210520,2.0
210530,12.0
210535,0.0
210540,1.0
210542,0.0
210545,0.0
210547,2.0
210550,0.0
210560,1.0
210565,0.0
210570,0.0
210580,0.0
210590,2.0
210592,0.0
210594,1.0
210596,1.0
210598,0.0
210600,0.0
210610,1.0
210620,0.0
210630,0.0
210632,1.0
210635,0.0
210637,1.0
210640,0.0
210650,0.0
210660,1.0
210663,0.0
210667,0.0
210670,2.0
210675,1.0
210680,0.0
210690,0.0
210700,0.0
210710,0.0
210720,2.0
210725,1.0
210730,0.0
210735,1.0
210740,2.0
210745,0.0
210750,3.0
210760,1.0
210770,1.0
210780,1.0
210790,2.0
210800,0.0
210805,0.0
210810,1.0
210820,4.0
210825,1.0
210830,0.0
210840,1.0
210845,2.0
210850,3.0
210860,4.0
210870,0.0
210880,1.0
210890,1.0
210900,4.0
210905,0.0
210910,2.0
210920,0.0
210923,0.0
210927,1.0
210930,2.0
210940,0.0
210945,0.0
210950,2.0
210955,1.0
210960,1.0
210970,0.0
210975,0.0
210980,1.0
210990,6.0
211000,6.0
211003,0.0
211010,0.0
211020,2.0
211023,1.0
211027,0.0
211030,1.0
211040,0.0
211050,0.0
211060,1.0
211065,2.0
211070,3.0
211080,0.0
211085,0.0
211090,0.0
211100,1.0
211102,1.0
211105,1.0
211107,1.0
211110,1.0
211120,7.0
211125,0.0
211130,42.0
211140,2.0
211150,1.0
211153,1.0
211157,0.0
211160,0.0
211163,0.0
211167,0.0
211170,1.0
211172,0.0
211174,1.0
211176,0.0
211178,1.0
211180,1.0
211190,1.0
211195,0.0
211200,3.0
211210,1.0
211220,9.0
211223,1.0
211227,0.0
211230,2.0
211240,1.0
211245,0.0
211250,2.0
211260,0.0
211270,5.0
211280,2.0
211285,1.0
211290,2.0
211300,3.0
211400,1.0
220005,1.0
220010,0.0
220020,2.0
220025,3.0
220027,0.0
220030,2.0
220040,7.0
220045,0.0
220050,4.0
220060,1.0
220070,0.0
220080,0.0
220090,1.0
220100,1.0
220105,0.0
220110,0.0
220115,1.0
220117,0.0
220120,3.0
220130,0.0
220140,1.0
220150,1.0
220155,0.0
220157,1.0
220160,2.0
220170,1.0
220173,2.0
220177,0.0
220180,0.0
220190,1.0
220191,1.0
220192,0.0
220194,0.0
220196,0.0
220198,1.0
220200,2.0
220202,1.0
220205,2.0
220207,1.0
220208,0.0
220209,1.0
220210,0.0
220211,2.0
220213,0.0
220217,1.0
220220,4.0
220225,2.0
220230,3.0
220240,2.0
220245,0.0
220250,0.0
220253,1.0
220255,2.0
220260,2.0
220265,0.0
220270,3.0
220271,1.0
220272,0.0
220273,0.0
220275,0.0
220277,0.0
220280,1.0
220285,0.0
220290,2.0
220300,0.0
220310,1.0
220320,0.0
220323,0.0
220325,1.0
220327,0.0
220330,0.0
220335,0.0
220340,3.0
220342,0.0
220345,0.0
220350,3.0
220360,1.0
220370,4.0
220375,0.0
220380,0.0
220385,2.0
220390,4.0
220400,1.0
220410,0.0
220415,1.0
220420,0.0
220430,0.0
220435,0.0
220440,0.0
220450,4.0
220455,0.0
220460,0.0
220465,1.0
220470,4.0
220480,1.0
220490,0.0
220500,4.0
220510,1.0
220515,1.0
220520,3.0
220525,0.0
220527,0.0
220530,0.0
220535,0.0
220540,0.0
220545,0.0
220550,2.0
220551,0.0
220552,0.0
220553,0.0
220554,0.0
220555,2.0
220556,0.0
220557,1.0
220558,0.0
220559,1.0
220560,0.0
220570,0.0
220580,0.0
220585,0.0
220590,0.0
220595,0.0
220600,1.0
220605,0.0
220610,0.0
220620,3.0
220630,1.0
220635,2.0
220640,2.0
220650,3.0
220660,0.0
220665,0.0
220667,0.0
220669,1.0
220670,0.0
220672,1.0
220675,0.0
220680,0.0
220690,0.0
220695,1.0
220700,3.0
220710,0.0
220720,1.0
220730,3.0
220735,0.0
220740,0.0
220750,1.0
220755,0.0
220760,0.0
220770,8.0
220775,1.0
220777,0.0
220779,0.0
220780,3.0
220785,0.0
220790,2.0
220793,0.0
220795,1.0
220800,11.0
220810,3.0
220820,1.0
220830,6.0
220840,5.0
220850,1.0
220855,0.0
220860,3.0
220865,0.0
220870,0.0
220880,1.0
220885,0.0
220887,0.0
220890,0.0
220900,3.0
220910,1.0
220915,1.0
220920,0.0
220930,1.0
220935,0.0
220937,1.0
220940,0.0
220945,0.0
220950,0.0
220955,1.0
220960,1.0
220965,1.0
220970,0.0
220975,0.0
220980,0.0
220985,1.0
220987,1.0
220990,2.0
220995,0.0
220997,2.0
221000,5.0
221005,1.0
221010,0.0
221020,1.0
221030,1.0
221035,0.0
221037,0.0
221038,0.0
221039,1.0
221040,3.0
221050,0.0
221060,3.0
221062,0.0
221063,0.0
221065,0.0
221070,3.0
221080,0.0
221090,0.0
221093,6.0
221095,0.0
221097,0.0
221100,89.0
221110,3.0
221120,4.0
221130,6.0
221135,0.0
221140,0.0
221150,0.0
221160,0.0
221170,0.0
230010,3.0
230015,0.0
230020,6.0
230030,5.0
230040,3.0
230050,1.0
230060,1.0
230070,2.0
230075,3.0
230080,0.0
230090,3.0
230100,4.0
230110,5.0
230120,0.0
230125,1.0
230130,5.0
230140,1.0
230150,3.0
230160,1.0
230170,3.0
230180,0.0
230185,0.0
230190,7.0
230195,1.0
230200,1.0
230205,2.0
230210,6.0
230220,1.0
230230,7.0
230240,5.0
230250,6.0
230260,12.0
230270,3.0
230280,12.0
230290,2.0
230300,1.0
230310,3.0
230320,0.0
230330,4.0
230340,2.0
230350,3.0
230360,1.0
230365,2.0
230370,10.0
230380,6.0
230390,0.0
230393,0.0
230395,0.0
230400,2.0
230410,12.0
230420,11.0
230423,0.0
230425,3.0
230426,3.0
230427,1.0
230428,2.0
230430,1.0
230435,5.0
230440,103.0
230445,0.0
230450,2.0
230460,1.0
230465,2.0
230470,7.0
230480,1.0
230490,0.0
230495,1.0
230500,1.0
230510,0.0
230520,1.0
230523,2.0
230526,1.0
230530,2.0
230533,0.0
230535,0.0
230540,4.0
230550,14.0
230560,2.0
230565,2.0
230570,0.0
230580,4.0
230590,2.0
230600,1.0
230610,1.0
230620,0.0
230625,1.0
230630,2.0
230640,4.0
230650,5.0
230655,4.0
230660,2.0
230670,3.0
230680,0.0
230690,4.0
230700,2.0
230710,3.0
230720,0.0
230725,3.0
230730,31.0
230740,4.0
230750,2.0
230760,3.0
230763,1.0
230765,8.0
230770,4.0
230780,0.0
230790,2.0
230800,2.0
230810,5.0
230820,2.0
230830,3.0
230835,1.0
230837,1.0
230840,5.0
230850,4.0
230860,3.0
230870,4.0
230880,0.0
230890,6.0
230900,2.0
230910,0.0
230920,3.0
230930,3.0
230940,2.0
230945,2.0
230950,1.0
230960,1.0
230970,2.0
230980,1.0
230990,0.0
231000,0.0
231010,0.0
231020,2.0
231025,1.0
231030,5.0
231040,1.0
231050,3.0
231060,1.0
231070,4.0
231080,1.0
231085,3.0
231090,0.0
231095,0.0
231100,3.0
231110,2.0
231120,0.0
231123,0.0
231126,3.0
231130,7.0
231135,2.0
231140,7.0
231150,3.0
231160,1.0
231170,0.0
231180,9.0
231190,0.0
231195,0.0
231200,3.0
231210,3.0
231220,6.0
231230,5.0
231240,2.0
231250,1.0
231260,0.0
231270,2.0
231280,0.0
231290,23.0
231300,1.0
231310,0.0
231320,1.0
231325,0.0
231330,8.0
231335,1.0
231340,11.0
231350,2.0
231355,0.0
231360,4.0
231370,0.0
231375,1.0
231380,2.0
231390,1.0
231395,1.0
231400,4.0
231410,9.0
240010,1.0
240020,2.0
240030,1.0
240040,1.0
240050,0.0
240060,2.0
240070,0.0
240080,0.0
240090,0.0
240100,3.0
240110,3.0
240120,0.0
240130,0.0
240140,0.0
240145,1.0
240150,0.0
240160,0.0
240165,0.0
240170,1.0
240180,0.0
240185,2.0
240190,1.0
240200,9.0
240210,1.0
240220,0.0
240230,3.0
240240,0.0
240250,1.0
240260,2.0
240270,0.0
240280,0.0
240290,1.0
240300,0.0
240310,5.0
240320,2.0
240325,10.0
240330,1.0
240340,1.0
240350,1.0
240360,2.0
240370,1.0
240375,0.0
240380,0.0
240390,0.0
240400,0.0
240410,0.0
240420,1.0
240430,1.0
240440,1.0
240450,1.0
240460,2.0
240470,0.0
240480,0.0
240485,0.0
240490,2.0
240500,0.0
240510,0.0
240520,0.0
240530,0.0
240540,0.0
240550,0.0
240560,3.0
240570,0.0
240580,3.0
240590,0.0
240600,1.0
240610,2.0
240615,0.0
240620,0.0
240630,0.0
240640,0.0
240650,2.0
240660,0.0
240670,1.0
240680,0.0
240690,1.0
240700,1.0
240710,5.0
240720,0.0
240725,0.0
240730,2.0
240740,1.0
240750,0.0
240760,0.0
240770,0.0
240780,2.0
240790,1.0
240800,16.0
240810,35.0
240820,2.0
240830,0.0
240840,0.0
240850,0.0
240860,1.0
240870,0.0
240880,1.0
240890,2.0
240895,0.0
240910,0.0
240920,1.0
240930,2.0
240933,0.0
240940,4.0
240950,0.0
240960,0.0
240970,0.0
240980,1.0
240990,1.0
241000,1.0
241010,1.0
241020,1.0
241025,1.0
241030,0.0
241040,2.0
241050,2.0
241060,0.0
241070,0.0
241080,0.0
241090,0.0
241100,2.0
241105,0.0
241110,0.0
241120,4.0
241140,2.0
241142,0.0
241150,0.0
241160,0.0
241170,1.0
241180,2.0
241190,0.0
241200,2.0
241210,1.0
241220,4.0
241230,0.0
241240,0.0
241250,7.0
241255,2.0
241260,0.0
241270,0.0
241280,0.0
241290,0.0
241300,1.0
241310,0.0
241320,0.0
241330,0.0
241335,0.0
241340,2.0
241350,1.0
241355,0.0
241360,1.0
241370,1.0
241380,0.0
241390,1.0
241400,2.0
241410,0.0
241415,0.0
241420,0.0
241430,0.0
241440,2.0
241445,0.0
241450,0.0
241460,1.0
241470,0.0
241475,0.0
241480,0.0
241490,0.0
241500,0.0
250010,1.0
250020,2.0
250030,1.0
250040,1.0
250050,0.0
250053,0.0
250057,0.0
250060,2.0
250070,0.0
250073,0.0
250077,1.0
250080,1.0
250090,1.0
250100,1.0
250110,1.0
250115,0.0
250120,2.0
250130,2.0
250135,1.0
250140,0.0
250150,1.0
250153,0.0
250157,0.0
250160,1.0
250170,0.0
250180,3.0
250190,1.0
250200,0.0
250205,0.0
250210,1.0
250215,1.0
250220,1.0
250230,2.0
250240,0.0
250250,0.0
250260,0.0
250270,0.0
250280,0.0
250290,0.0
250300,1.0
250310,0.0
250320,1.0
250330,2.0
250340,0.0
250350,0.0
250355,1.0
250360,0.0
250370,9.0
250375,0.0
250380,0.0
250390,0.0
250400,25.0
250403,2.0
250407,0.0
250410,0.0
250415,1.0
250420,0.0
250430,2.0
250435,1.0
250440,0.0
250450,0.0
250460,1.0
250470,0.0
250480,1.0
250485,0.0
250490,0.0
250500,0.0
250510,0.0
250520,0.0
250523,0.0
250527,0.0
250530,0.0
250535,1.0
250540,0.0
250550,0.0
250560,2.0
250570,1.0
250580,0.0
250590,0.0
250600,0.0
250610,0.0
250620,0.0
250625,1.0
250630,2.0
250640,0.0
250650,0.0
250660,1.0
250670,0.0
250680,3.0
250690,0.0
250700,4.0
250710,0.0
250720,1.0
250730,0.0
250740,1.0
250750,42.0
250760,0.0
250770,2.0
250780,1.0
250790,0.0
250800,1.0
250810,0.0
250820,1.0
250830,2.0
250840,0.0
250850,1.0
250855,0.0
250860,0.0
250870,0.0
250880,0.0
250890,4.0
250900,0.0
250905,0.0
250910,0.0
250915,1.0
250920,2.0
250930,0.0
250933,0.0
250937,0.0
250939,2.0
250940,1.0
250950,1.0
250960,0.0
250970,1.0
250980,0.0
250990,0.0
251000,0.0
251010,1.0
251020,0.0
251030,1.0
251040,0.0
251050,0.0
251060,1.0
251065,1.0
251070,0.0
251080,14.0
251090,0.0
251100,0.0
251110,1.0
251120,4.0
251130,1.0
251140,1.0
251150,0.0
251160,0.0
251170,3.0
251180,1.0
251190,0.0
251200,2.0
251203,0.0
251207,0.0
251210,3.0
251220,0.0
251230,1.0
251240,0.0
251250,4.0
251260,0.0
251270,0.0
251272,0.0
251274,0.0
251275,0.0
251276,0.0
251278,0.0
251280,0.0
251290,0.0
251300,0.0
251310,1.0
251315,0.0
251320,2.0
251330,0.0
251335,0.0
251340,1.0
251350,1.0
251360,0.0
251365,0.0
251370,7.0
251380,0.0
251385,0.0
251390,5.0
251392,0.0
251394,0.0
251396,0.0
251398,0.0
251400,0.0
251410,0.0
251420,1.0
251430,0.0
251440,2.0
251445,1.0
251450,1.0
251455,0.0
251460,2.0
251465,0.0
251470,2.0
251480,1.0
251490,1.0
251500,2.0
251510,1.0
251520,0.0
251530,2.0
251540,0.0
251550,1.0
251560,0.0
251570,2.0
251580,1.0
251590,0.0
251593,1.0
251597,1.0
251600,1.0
251610,1.0
251615,0.0
251620,2.0
251630,2.0
251640,1.0
251650,2.0
251660,0.0
251670,3.0
251675,0.0
251680,1.0
251690,1.0
251700,4.0
251710,0.0
251720,0.0
251740,1.0
260005,2.0
260010,2.0
260020,3.0
260030,0.0
260040,0.0
260050,3.0
260060,0.0
260070,1.0
260080,4.0
260090,1.0
260100,1.0
260105,0.0
260110,7.0
260120,3.0
260130,2.0
260140,0.0
260150,1.0
260160,5.0
260170,7.0
260180,0.0
260190,3.0
260200,6.0
260210,2.0
260220,3.0
260230,1.0
260240,0.0
260250,0.0
260260,2.0
260270,1.0
260280,2.0
260290,7.0
260300,2.0
260310,1.0
260320,3.0
260330,1.0
260340,0.0
260345,9.0
260350,2.0
260360,0.0
260370,1.0
260380,3.0
260390,3.0
260392,2.0
260400,7.0
260410,11.0
260415,2.0
260420,1.0
260430,0.0
260440,1.0
260450,1.0
260460,1.0
260470,1.0
260480,0.0
260490,3.0
260500,3.0
260510,2.0
260515,1.0
260520,0.0
260530,3.0
260540,5.0
260545,0.0
260550,1.0
260560,2.0
260570,4.0
260580,1.0
260590,3.0
260600,7.0
260610,1.0
260620,1.0
260630,0.0
260640,2.0
260650,1.0
260660,1.0
260670,0.0
260680,6.0
260690,1.0
260700,1.0
260710,0.0
260720,1.0
260730,3.0
260740,1.0
260750,3.0
260760,0.0
260765,1.0
260770,0.0
260775,2.0
260780,1.0
260790,29.0
260795,0.0
260800,0.0
260805,1.0
260810,6.0
260820,0.0
260825,0.0
260830,0.0
260840,2.0
260845,0.0
260850,2.0
260860,0.0
260870,2.0
260875,1.0
260880,3.0
260890,3.0
260900,0.0
260910,0.0
260915,2.0
260920,0.0
260930,1.0
260940,1.0
260950,2.0
260960,15.0
260970,1.0
260980,0.0
260990,5.0
261000,1.0
261010,0.0
261020,3.0
261030,1.0
261040,2.0
261050,1.0
261060,3.0
261070,14.0
261080,0.0
261090,2.0
261100,3.0
261110,21.0
261120,3.0
261130,3.0
261140,0.0
261150,1.0
261153,0.0
261160,49.0
261170,5.0
261180,1.0
261190,0.0
261200,1.0
261210,0.0
261220,3.0
261230,0.0
261240,2.0
261245,2.0
261247,0.0
261250,5.0
261255,1.0
261260,3.0
261270,0.0
261280,2.0
261290,0.0
261300,4.0
261310,1.0
261320,0.0
261330,0.0
261340,1.0
261350,6.0
261360,0.0
261370,3.0
261380,2.0
261390,12.0
261400,1.0
261410,0.0
261420,0.0
261430,1.0
261440,0.0
261450,2.0
261460,1.0
261470,1.0
261480,2.0
261485,0.0
261500,2.0
261510,1.0
261520,2.0
261530,2.0
261540,2.0
261550,0.0
261560,1.0
261570,2.0
261580,1.0
261590,0.0
261600,1.0
261610,0.0
261618,0.0
261620,1.0
261630,0.0
261640,3.0
261650,0.0
270010,0.0
270020,0.0
270030,11.0
270040,0.0
270050,0.0
270060,0.0
270070,1.0
270080,0.0
270090,0.0
270100,5.0
270110,0.0
270120,1.0
270130,0.0
270135,0.0
270140,0.0
270150,1.0
270160,1.0
270170,2.0
270180,0.0
270190,0.0
270200,1.0
270210,0.0
270220,0.0
270230,2.0
270235,1.0
270240,3.0
270250,0.0
270255,1.0
270260,1.0
270270,0.0
270280,0.0
270290,4.0
270300,1.0
270310,6.0
270320,3.0
270330,2.0
270340,1.0
270350,0.0
270360,0.0
270370,0.0
270375,0.0
270380,0.0
270390,0.0
270400,0.0
270410,1.0
270420,2.0
270430,36.0
270440,2.0
270450,1.0
270460,1.0
270470,0.0
270480,0.0
270490,0.0
270500,0.0
270510,1.0
270520,0.0
270530,0.0
270540,0.0
270550,1.0
270560,0.0
270570,0.0
270580,0.0
270590,1.0
270600,3.0
270610,0.0
270620,0.0
270630,4.0
270640,1.0
270642,0.0
270644,0.0
270650,1.0
270660,0.0
270670,1.0
270680,0.0
270690,1.0
270700,0.0
270710,3.0
270720,2.0
270730,0.0
270740,0.0
270750,1.0
270760,2.0
270770,2.0
270780,0.0
270790,0.0
270800,3.0
270810,0.0
270820,0.0
270830,0.0
270840,2.0
270850,0.0
270860,2.0
270870,0.0
270880,2.0
270890,0.0
270895,0.0
270900,0.0
270910,2.0
270915,1.0
270920,0.0
270930,2.0
270940,1.0
280010,0.0
280020,0.0
280030,21.0
280040,1.0
280050,1.0
280060,0.0
280067,2.0
280070,0.0
280100,2.0
280110,0.0
280120,4.0
280130,6.0
280140,1.0
280150,2.0
280160,0.0
280170,1.0
280190,0.0
280200,0.0
280210,3.0
280220,0.0
280230,2.0
280240,0.0
280250,0.0
280260,0.0
280270,0.0
280280,1.0
280290,5.0
280300,3.0
280310,1.0
280320,3.0
280330,1.0
280340,0.0
280350,5.0
280360,1.0
280370,2.0
280380,0.0
280390,0.0
280400,0.0
280410,1.0
280420,1.0
280430,1.0
280440,0.0
280445,0.0
280450,5.0
280460,1.0
280470,3.0
280480,7.0
280490,0.0
280500,1.0
280510,0.0
280520,1.0
280530,1.0
280540,1.0
280550,2.0
280560,0.0
280570,2.0
280580,2.0
280590,0.0
280600,0.0
280610,0.0
280620,0.0
280630,2.0
280640,0.0
280650,1.0
280660,1.0
280670,4.0
280680,2.0
280690,0.0
280700,0.0
280710,1.0
280720,1.0
280730,0.0
280740,4.0
280750,1.0
280760,2.0
290010,0.0
290020,1.0
290030,0.0
290035,1.0
290040,0.0
290050,2.0
290060,1.0
290070,5.0
290080,0.0
290090,0.0
290100,2.0
290110,0.0
290115,0.0
290120,4.0
290130,1.0
290135,0.0
290140,1.0
290150,0.0
290160,0.0
290170,0.0
290180,0.0
290190,2.0
290195,0.0
290200,3.0
290205,1.0
290210,0.0
290220,1.0
290225,0.0
290230,0.0
290240,0.0
290250,0.0
290260,0.0
290265,3.0
290270,2.0
290280,3.0
290290,5.0
290300,2.0
290310,0.0
290320,4.0
290323,0.0
290327,3.0
290330,1.0
290340,1.0
290350,1.0
290360,2.0
290370,2.0
290380,3.0
290390,3.0
290395,0.0
290400,1.0
290405,1.0
290410,1.0
290420,1.0
290430,0.0
290440,1.0
290450,2.0
290460,6.0
290470,1.0
290475,5.0
290480,0.0
290485,2.0
290490,1.0
290500,1.0
290510,0.0
290515,0.0
290520,5.0
290530,1.0
290540,1.0
290550,0.0
290560,0.0
290570,5.0
290580,1.0
290590,2.0
290600,7.0
290610,1.0
290620,6.0
290630,1.0
290640,0.0
290650,3.0
290660,4.0
290670,1.0
290680,3.0
290682,1.0
290685,0.0
290687,1.0
290689,1.0
290690,0.0
290700,0.0
290710,2.0
290720,2.0
290730,0.0
290740,0.0
290750,4.0
290755,1.0
290760,2.0
290770,0.0
290780,1.0
290790,1.0
290800,3.0
290810,0.0
290820,1.0
290830,0.0
290840,5.0
290850,5.0
290860,0.0
290870,0.0
290880,0.0
290890,3.0
290900,1.0
290910,1.0
290920,2.0
290930,1.0
290940,1.0
290950,0.0
290960,2.0
290970,1.0
290980,3.0
290990,1.0
291000,1.0
291005,2.0
291010,0.0
291020,0.0
291030,0.0
291040,1.0
291050,0.0
291060,0.0
291070,2.0
291072,5.0
291075,0.0
291077,0.0
291080,12.0
291085,0.0
291090,1.0
291100,0.0
291110,2.0
291120,0.0
291125,1.0
291130,1.0
291140,1.0
291150,0.0
291160,1.0
291165,2.0
291170,11.0
291180,0.0
291185,1.0
291190,0.0
291200,0.0
291210,1.0
291220,0.0
291230,0.0
291240,0.0
291250,0.0
291260,2.0
291270,0.0
291280,0.0
291290,1.0
291300,2.0
291310,0.0
291320,2.0
291330,2.0
291340,1.0
291345,2.0
291350,0.0
291360,10.0
291370,1.0
291380,1.0
291390,3.0
291400,2.0
291410,0.0
291420,0.0
291430,0.0
291440,1.0
291450,2.0
291460,6.0
291465,2.0
291470,6.0
291480,8.0
291490,1.0
291500,3.0
291510,2.0
291520,3.0
291530,0.0
291535,0.0
291540,0.0
291550,3.0
291560,1.0
291570,0.0
291580,0.0
291590,0.0
291600,1.0
291610,1.0
291620,0.0
291630,0.0
291640,3.0
291650,1.0
291660,0.0
291670,0.0
291680,2.0
291685,1.0
291690,2.0
291700,0.0
291710,0.0
291720,5.0
291730,1.0
291733,1.0
291735,0.0
291740,2.0
291750,9.0
291760,3.0
291770,2.0
291780,2.0
291790,2.0
291800,11.0
291810,2.0
291820,2.0
291830,0.0
291835,2.0
291840,9.0
291845,1.0
291850,3.0
291855,1.0
291860,1.0
291870,0.0
291875,1.0
291880,2.0
291890,0.0
291900,0.0
291905,0.0
291910,0.0
291915,3.0
291920,2.0
291930,0.0
291940,1.0
291950,2.0
291955,4.0
291960,0.0
291970,0.0
291980,1.0
291990,0.0
291992,0.0
291995,1.0
292000,0.0
292010,3.0
292020,0.0
292030,0.0
292040,0.0
292045,1.0
292050,1.0
292060,0.0
292070,0.0
292080,0.0
292090,1.0
292100,1.0
292105,1.0
292110,0.0
292120,2.0
292130,0.0
292140,3.0
292145,1.0
292150,0.0
292160,0.0
292170,1.0
292180,4.0
292190,3.0
292200,2.0
292205,2.0
292210,0.0
292220,0.0
292225,0.0
292230,3.0
292240,2.0
292250,0.0
292260,0.0
292265,1.0
292270,1.0
292273,0.0
292275,0.0
292280,0.0
292285,1.0
292290,2.0
292300,1.0
292303,2.0
292305,0.0
292310,0.0
292320,2.0
292330,0.0
292335,3.0
292340,0.0
292350,1.0
292360,2.0
292370,2.0
292380,1.0
292390,1.0
292400,14.0
292405,0.0
292410,1.0
292420,1.0
292430,2.0
292440,1.0
292450,1.0
292460,0.0
292465,1.0
292467,0.0
292470,0.0
292480,1.0
292490,0.0
292500,1.0
292510,6.0
292520,2.0
292525,0.0
292530,5.0
292540,1.0
292550,1.0
292560,0.0
292570,1.0
292575,2.0
292580,0.0
292590,1.0
292593,2.0
292595,1.0
292600,4.0
292610,1.0
292620,1.0
292630,0.0
292640,2.0
292650,1.0
292660,3.0
292665,1.0
292670,1.0
292680,1.0
292690,0.0
292700,2.0
292710,2.0
292720,2.0
292730,0.0
292740,45.0
292750,1.0
292760,1.0
292770,2.0
292780,0.0
292790,0.0
292800,1.0
292805,2.0
292810,2.0
292820,1.0
292830,0.0
292840,5.0
292850,0.0
292860,3.0
292870,3.0
292880,2.0
292890,2.0
292895,2.0
292900,0.0
292905,0.0
292910,5.0
292920,0.0
292925,0.0
292930,1.0
292935,0.0
292937,0.0
292940,1.0
292950,3.0
292960,2.0
292970,1.0
292975,0.0
292980,0.0
292990,2.0
293000,1.0
293010,6.0
293015,1.0
293020,0.0
293030,0.0
293040,0.0
293050,4.0
293060,1.0
293070,3.0
293075,0.0
293076,1.0
293077,2.0
293080,3.0
293090,2.0
293100,1.0
293105,1.0
293110,0.0
293120,1.0
293130,1.0
293135,6.0
293140,0.0
293150,2.0
293160,0.0
293170,1.0
293180,3.0
293190,4.0
293200,0.0
293210,1.0
293220,1.0
293230,0.0
293240,0.0
293245,2.0
293250,0.0
293260,3.0
293270,0.0
293280,1.0
293290,6.0
293300,3.0
293305,1.0
293310,1.0
293315,0.0
293317,0.0
293320,1.0
293325,0.0
293330,20.0
293340,0.0
293345,0.0
293350,0.0
293360,1.0
310010,1.0
310020,4.0
310030,1.0
310040,1.0
310050,1.0
310060,1.0
310070,0.0
310080,0.0
310090,2.0
310100,0.0
310110,1.0
310120,3.0
310130,0.0
310140,0.0
310150,2.0
310160,10.0
310163,0.0
310170,1.0
310180,0.0
310190,2.0
310200,0.0
310205,1.0
310210,3.0
310220,0.0
310230,3.0
310240,0.0
310250,0.0
310260,3.0
310270,0.0
310280,0.0
310285,1.0
310290,2.0
310300,0.0
310310,0.0
310320,0.0
310330,0.0
310340,2.0
310350,18.0
310360,1.0
310370,1.0
310375,0.0
310380,0.0
310390,1.0
310400,8.0
310410,1.0
310420,3.0
310430,1.0
310440,0.0
310445,0.0
310450,1.0
310460,1.0
310470,0.0
310480,0.0
310490,5.0
310500,1.0
310510,3.0
310520,0.0
310530,0.0
310540,1.0
310550,1.0
310560,17.0
310570,0.0
310590,3.0
310600,0.0
310610,0.0
310620,169.0
310630,2.0
310640,1.0
310650,2.0
310660,0.0
310665,1.0
310670,20.0
310680,0.0
310690,0.0
310700,0.0
310710,7.0
310720,0.0
310730,5.0
310740,5.0
310750,0.0
310760,0.0
310770,2.0
310780,3.0
310790,0.0
310800,3.0
310810,4.0
310820,2.0
310825,0.0
310830,2.0
310840,1.0
310850,1.0
310855,3.0
310860,1.0
310870,2.0
310880,0.0
310890,1.0
310900,3.0
310910,0.0
310920,1.0
310925,0.0
310930,4.0
310940,0.0
310945,0.0
310950,3.0
310960,0.0
310970,2.0
310980,0.0
310990,2.0
311000,2.0
311010,1.0
311020,1.0
311030,3.0
311040,1.0
311050,1.0
311060,2.0
311070,2.0
311080,0.0
311090,3.0
311100,3.0
311110,3.0
311115,1.0
311120,3.0
311130,0.0
311140,1.0
311150,2.0
311160,4.0
311170,0.0
311180,0.0
311190,1.0
311200,5.0
311205,1.0
311210,0.0
311220,0.0
311230,3.0
311240,3.0
311250,1.0
311260,3.0
311265,0.0
311270,0.0
311280,1.0
311290,1.0
311300,4.0
311310,0.0
311320,0.0
311330,3.0
311340,9.0
311350,1.0
311360,0.0
311370,0.0
311380,0.0
311390,1.0
311400,2.0
311410,1.0
311420,4.0
311430,9.0
311440,4.0
311450,5.0
311455,2.0
311460,0.0
311470,2.0
311480,0.0
311490,0.0
311500,0.0
311510,1.0
311520,0.0
311530,4.0
311535,1.0
311540,0.0
311545,2.0
311547,0.0
311550,0.0
311560,0.0
311570,1.0
311580,4.0
311590,0.0
311600,0.0
311610,0.0
311615,0.0
311620,2.0
311630,3.0
311640,0.0
311650,0.0
311660,7.0
311670,3.0
311680,0.0
311690,0.0
311700,0.0
311710,3.0
311720,1.0
311730,1.0
311740,0.0
311750,1.0
311760,1.0
311770,3.0
311780,2.0
311783,2.0
311787,0.0
311790,0.0
311800,11.0
311810,0.0
311820,1.0
311830,13.0
311840,0.0
311850,1.0
311860,32.0
311870,2.0
311880,3.0
311890,0.0
311900,1.0
311910,2.0
311920,1.0
311930,3.0
311940,3.0
311950,1.0
311960,0.0
311970,1.0
311980,0.0
311990,1.0
311995,0.0
312000,0.0
312010,0.0
312015,0.0
312020,1.0
312030,0.0
312040,3.0
312050,0.0
312060,1.0
312070,3.0
312080,1.0
312083,0.0
312087,1.0
312090,5.0
312100,1.0
312110,2.0
312120,0.0
312125,1.0
312130,1.0
312140,4.0
312150,1.0
312160,4.0
312170,0.0
312180,0.0
312190,0.0
312200,3.0
312210,1.0
312220,0.0
312230,37.0
312235,0.0
312240,0.0
312245,0.0
312247,0.0
312250,0.0
312260,0.0
312270,0.0
312280,1.0
312290,0.0
312300,1.0
312310,0.0
312320,3.0
312330,0.0
312340,0.0
312350,0.0
312352,1.0
312360,2.0
312370,0.0
312380,0.0
312385,0.0
312390,1.0
312400,3.0
312410,4.0
312420,3.0
312430,4.0
312440,0.0
312450,0.0
312460,0.0
312470,0.0
312480,0.0
312490,1.0
312500,1.0
312510,0.0
312520,0.0
312530,0.0
312540,0.0
312550,0.0
312560,0.0
312570,1.0
312580,0.0
312590,3.0
312595,0.0
312600,0.0
312610,6.0
312620,0.0
312630,0.0
312640,1.0
312650,3.0
312660,0.0
312670,1.0
312675,1.0
312680,1.0
312690,0.0
312695,0.0
312700,0.0
312705,0.0
312707,2.0
312710,4.0
312720,0.0
312730,0.0
312733,1.0
312735,0.0
312737,0.0
312738,0.0
312740,0.0
312750,0.0
312760,1.0
312770,21.0
312780,0.0
312790,0.0
312800,3.0
312810,0.0
312820,2.0
312825,1.0
312830,3.0
312840,1.0
312850,0.0
312860,1.0
312870,4.0
312880,1.0
312890,2.0
312900,2.0
312910,0.0
312920,0.0
312930,0.0
312940,1.0
312950,6.0
312960,0.0
312965,0.0
312970,2.0
312980,10.0
312990,0.0
313000,0.0
313005,0.0
313010,0.0
313020,3.0
313030,0.0
313040,0.0
313050,3.0
313055,0.0
313060,0.0
313065,2.0
313070,0.0
313080,0.0
313090,1.0
313100,0.0
313110,0.0
313115,2.0
313120,1.0
313130,12.0
313140,1.0
313150,1.0
313160,1.0
313170,8.0
313180,0.0
313190,4.0
313200,1.0
313210,1.0
313220,3.0
313230,0.0
313240,10.0
313250,1.0
313260,0.0
313270,0.0
313280,0.0
313290,1.0
313300,3.0
313310,1.0
313320,2.0
313330,0.0
313340,0.0
313350,4.0
313360,1.0
313370,2.0
313375,1.0
313380,13.0
313390,1.0
313400,0.0
313410,2.0
313420,11.0
313430,2.0
313440,1.0
313450,0.0
313460,2.0
313470,0.0
313480,0.0
313490,1.0
313500,0.0
313505,2.0
313507,0.0
313510,8.0
313520,4.0
313530,0.0
313535,0.0
313540,1.0
313545,1.0
313550,1.0
313560,2.0
313570,2.0
313580,0.0
313590,2.0
313600,2.0
313610,0.0
313620,4.0
313630,4.0
313640,1.0
313650,1.0
313652,0.0
313655,0.0
313657,0.0
313660,0.0
313665,1.0
313670,31.0
313680,0.0
313690,3.0
313695,0.0
313700,1.0
313710,0.0
313720,5.0
313730,2.0
313740,0.0
313750,9.0
313753,6.0
313760,3.0
313770,0.0
313780,2.0
313790,2.0
313800,0.0
313810,2.0
313820,11.0
313830,0.0
313835,0.0
313840,4.0
313850,1.0
313860,2.0
313862,1.0
313865,1.0
313867,1.0
313868,0.0
313870,4.0
313880,2.0
313890,0.0
313900,3.0
313910,0.0
313920,0.0
313925,0.0
313930,0.0
313940,10.0
313950,2.0
313960,1.0
313970,1.0
313980,0.0
313990,0.0
314000,0.0
314010,0.0
314015,1.0
314020,0.0
314030,0.0
314040,1.0
314050,2.0
314053,0.0
314055,0.0
314060,0.0
314070,2.0
314080,0.0
314085,1.0
314090,1.0
314100,0.0
314110,4.0
314120,1.0
314130,1.0
314140,1.0
314150,0.0
314160,1.0
314170,0.0
314180,1.0
314190,0.0
314200,2.0
314210,1.0
314220,1.0
314225,0.0
314230,1.0
314240,1.0
314250,0.0
314260,4.0
314270,1.0
314280,4.0
314290,2.0
314300,3.0
314310,5.0
314315,0.0
314320,2.0
314330,28.0
314340,1.0
314345,0.0
314350,1.0
314360,0.0
314370,1.0
314380,1.0
314390,7.0
314400,2.0
314410,8.0
314420,0.0
314430,4.0
314435,0.0
314437,3.0
314440,0.0
314450,0.0
314460,6.0
314465,0.0
314467,0.0
314470,2.0
314480,10.0
314490,0.0
314500,1.0
314505,1.0
314510,6.0
314520,9.0
314530,4.0
314535,0.0
314537,0.0
314540,1.0
314545,0.0
314550,1.0
314560,5.0
314570,0.0
314580,0.0
314585,0.0
314587,0.0
314590,5.0
314600,3.0
314610,7.0
314620,0.0
314625,2.0
314630,1.0
314640,1.0
314650,0.0
314655,0.0
314660,0.0
314670,0.0
314675,1.0
314690,1.0
314700,9.0
314710,10.0
314720,2.0
314730,4.0
314740,2.0
314750,0.0
314760,1.0
314770,2.0
314780,0.0
314790,9.0
314795,2.0
314800,28.0
314810,11.0
314820,1.0
314830,1.0
314840,0.0
314850,0.0
314860,1.0
314870,8.0
314875,0.0
314880,0.0
314890,0.0
314900,0.0
314910,1.0
314915,0.0
314920,1.0
314930,7.0
314940,0.0
314950,0.0
314960,2.0
314970,1.0
314980,1.0
314990,4.0
314995,0.0
315000,0.0
315010,1.0
315015,0.0
315020,0.0
315030,0.0
315040,1.0
315050,4.0
315053,2.0
315057,0.0
315060,0.0
315070,0.0
315080,0.0
315090,1.0
315100,0.0
315110,0.0
315120,7.0
315130,3.0
315140,0.0
315150,6.0
315160,1.0
315170,1.0
315180,14.0
315190,0.0
315200,6.0
315210,6.0
315213,0.0
315217,0.0
315220,4.0
315230,0.0
315240,2.0
315250,8.0
315260,1.0
315270,1.0
315280,3.0
315290,1.0
315300,1.0
315310,1.0
315320,0.0
315330,0.0
315340,5.0
315350,0.0
315360,0.0
315370,0.0
315380,0.0
315390,0.0
315400,3.0
315410,0.0
315415,0.0
315420,2.0
315430,1.0
315440,0.0
315445,0.0
315450,2.0
315460,9.0
315470,1.0
315480,1.0
315490,2.0
315500,0.0
315510,1.0
315520,1.0
315530,0.0
315540,0.0
315550,3.0
315560,2.0
315570,3.0
315580,1.0
315590,3.0
315600,0.0
315610,0.0
315620,0.0
315630,0.0
315640,1.0
315645,0.0
315650,0.0
315660,0.0
315670,4.0
315680,1.0
315690,4.0
315700,4.0
315710,0.0
315720,3.0
315725,0.0
315727,0.0
315730,0.0
315733,0.0
315737,3.0
315740,0.0
315750,0.0
315760,0.0
315765,0.0
315770,2.0
315780,2.0
315790,2.0
315800,4.0
315810,0.0
315820,1.0
315830,0.0
315840,0.0
315850,0.0
315860,1.0
315870,1.0
315880,1.0
315890,0.0
315895,1.0
315900,0.0
315910,0.0
315920,0.0
315930,0.0
315935,0.0
315940,1.0
315950,0.0
315960,3.0
315970,0.0
315980,1.0
315990,0.0
316000,0.0
316010,0.0
316020,0.0
316030,0.0
316040,4.0
316045,0.0
316050,1.0
316060,0.0
316070,7.0
316080,0.0
316090,0.0
316095,0.0
316100,2.0
316105,0.0
316110,5.0
316120,1.0
316130,0.0
316140,1.0
316150,2.0
316160,0.0
316165,0.0
316170,0.0
316180,1.0
316190,1.0
316200,4.0
316210,4.0
316220,1.0
316225,0.0
316230,0.0
316240,1.0
316245,1.0
316250,4.0
316255,1.0
316257,0.0
316260,0.0
316265,0.0
316270,1.0
316280,0.0
316290,0.0
316292,1.0
316294,1.0
316295,0.0
316300,0.0
316310,0.0
316320,1.0
316330,1.0
316340,0.0
316350,0.0
316360,0.0
316370,10.0
316380,2.0
316390,0.0
316400,0.0
316410,1.0
316420,0.0
316430,1.0
316440,0.0
316443,0.0
316447,1.0
316450,0.0
316460,1.0
316470,5.0
316480,0.0
316490,0.0
316500,0.0
316510,0.0
316520,1.0
316530,1.0
316540,0.0
316550,0.0
316553,1.0
316555,0.0
316556,0.0
316557,1.0
316560,0.0
316570,1.0
316580,0.0
316590,1.0
316600,0.0
316610,1.0
316620,1.0
316630,0.0
316640,0.0
316650,0.0
316660,0.0
316670,3.0
316680,0.0
316690,2.0
316695,1.0
316700,1.0
316710,0.0
316720,15.0
316730,0.0
316740,1.0
316750,0.0
316760,3.0
316770,0.0
316780,0.0
316790,0.0
316800,5.0
316805,0.0
316810,1.0
316820,0.0
316830,0.0
316840,0.0
316850,1.0
316860,10.0
316870,5.0
316880,2.0
316890,2.0
316900,3.0
316905,1.0
316910,0.0
316920,0.0
316930,10.0
316935,3.0
316940,8.0
316950,1.0
316960,3.0
316970,3.0
316980,1.0
316990,13.0
317000,0.0
317005,1.0
317010,26.0
317020,51.0
317030,0.0
317040,8.0
317043,0.0
317047,0.0
317050,2.0
317052,1.0
317057,0.0
317060,0.0
317065,0.0
317070,14.0
317075,0.0
317080,4.0
317090,1.0
317100,4.0
317103,0.0
317107,0.0
317110,0.0
317115,0.0
317120,4.0
317130,8.0
317140,0.0
317150,0.0
317160,0.0
317170,1.0
317180,0.0
317190,0.0
317200,2.0
317210,0.0
317220,0.0
320010,6.0
320013,2.0
320016,0.0
320020,1.0
320030,1.0
320035,0.0
320040,2.0
320050,2.0
320060,1.0
320070,0.0
320080,1.0
320090,2.0
320100,1.0
320110,3.0
320115,1.0
320120,9.0
320130,24.0
320140,3.0
320150,8.0
320160,0.0
320170,0.0
320180,0.0
320190,7.0
320200,1.0
320210,6.0
320220,1.0
320225,0.0
320230,3.0
320240,11.0
320245,2.0
320250,3.0
320255,0.0
320260,1.0
320265,2.0
320270,4.0
320280,2.0
320290,0.0
320300,7.0
320305,3.0
320310,0.0
320313,1.0
320316,3.0
320320,6.0
320330,0.0
320332,1.0
320334,2.0
320335,0.0
320340,1.0
320350,2.0
320360,0.0
320370,1.0
320380,1.0
320390,2.0
320400,0.0
320405,0.0
320410,0.0
320420,2.0
320425,1.0
320430,2.0
320435,1.0
320440,1.0
320450,2.0
320455,5.0
320460,4.0
320465,0.0
320470,4.0
320480,0.0
320490,5.0
320495,1.0
320500,27.0
320501,0.0
320503,2.0
320506,2.0
320510,4.0
320515,1.0
320517,1.0
320520,30.0
320530,15.0
330010,11.0
330015,0.0
330020,9.0
330022,2.0
330023,1.0
330025,1.0
330030,3.0
330040,5.0
330045,3.0
330050,2.0
330060,2.0
330070,8.0
330080,7.0
330090,2.0
330093,2.0
330095,0.0
330100,21.0
330110,1.0
330115,1.0
330120,1.0
330130,0.0
330140,0.0
330150,2.0
330160,0.0
330170,33.0
330180,0.0
330185,2.0
330187,0.0
330190,12.0
330200,4.0
330205,1.0
330210,3.0
330220,3.0
330225,1.0
330227,1.0
330230,0.0
330240,4.0
330245,1.0
330250,11.0
330260,3.0
330270,5.0
330280,0.0
330285,5.0
330290,0.0
330300,2.0
330310,1.0
330320,4.0
330330,15.0
330340,9.0
330350,10.0
330360,0.0
330370,3.0
330380,3.0
330385,1.0
330390,14.0
330395,1.0
330400,0.0
330410,1.0
330411,1.0
330412,0.0
330414,9.0
330415,0.0
330420,5.0
330430,2.0
330440,0.0
330450,0.0
330452,4.0
330455,222.0
330460,0.0
330470,4.0
330475,4.0
330480,2.0
330490,30.0
330500,2.0
330510,10.0
330513,0.0
330515,1.0
330520,6.0
330530,1.0
330540,0.0
330550,4.0
330555,1.0
330560,0.0
330570,2.0
330575,1.0
330580,11.0
330590,0.0
330600,4.0
330610,7.0
330615,0.0
330620,1.0
330630,5.0
350010,5.0
350020,0.0
350030,3.0
350040,0.0
350050,1.0
350055,0.0
350060,1.0
350070,4.0
350075,1.0
350080,0.0
350090,1.0
350100,0.0
350110,0.0
350115,3.0
350120,1.0
350130,4.0
350140,1.0
350150,0.0
350160,11.0
350170,2.0
350180,0.0
350190,8.0
350200,0.0
350210,4.0
350220,2.0
350230,0.0
350240,0.0
350250,1.0
350260,0.0
350270,1.0
350275,1.0
350280,21.0
350290,1.0
350300,0.0
350310,1.0
350315,0.0
350320,13.0
350330,8.0
350335,1.0
350340,0.0
350350,0.0
350360,2.0
350370,1.0
350380,6.0
350390,9.0
350395,0.0
350400,14.0
350410,15.0
350420,2.0
350430,0.0
350440,1.0
350450,11.0
350460,3.0
350470,0.0
350480,1.0
350490,0.0
350500,0.0
350510,1.0
350520,3.0
350530,2.0
350535,0.0
350540,0.0
350550,8.0
350560,4.0
350570,14.0
350580,2.0
350590,3.0
350600,19.0
350610,10.0
350620,0.0
350630,4.0
350635,2.0
350640,2.0
350650,7.0
350660,2.0
350670,1.0
350680,1.0
350690,0.0
350700,3.0
350710,3.0
350715,0.0
350720,0.0
350730,0.0
350740,3.0
350745,0.0
350750,15.0
350760,15.0
350770,2.0
350775,0.0
350780,2.0
350790,1.0
350800,0.0
350810,2.0
350820,0.0
350830,0.0
350840,1.0
350850,5.0
350860,2.0
350870,2.0
350880,1.0
350890,1.0
350900,4.0
350910,0.0
350920,5.0
350925,1.0
350930,2.0
350940,2.0
350945,0.0
350950,90.0
350960,9.0
350970,3.0
350980,0.0
350990,0.0
350995,0.0
351000,4.0
351010,0.0
351015,0.0
351020,4.0
351030,2.0
351040,3.0
351050,7.0
351060,27.0
351070,0.0
351080,4.0
351090,0.0
351100,0.0
351110,5.0
351120,1.0
351130,2.0
351140,2.0
351150,3.0
351160,2.0
351170,0.0
351190,1.0
351200,4.0
351210,0.0
351220,2.0
351230,0.0
351240,1.0
351250,0.0
351260,0.0
351270,0.0
351280,6.0
351290,0.0
351300,14.0
351310,4.0
351320,0.0
351330,0.0
351340,10.0
351350,15.0
351360,1.0
351370,6.0
351380,6.0
351385,0.0
351390,2.0
351400,0.0
351410,3.0
351420,0.0
351430,0.0
351440,9.0
351450,1.0
351460,1.0
351470,0.0
351480,1.0
351490,0.0
351492,1.0
351495,0.0
351500,1.0
351510,0.0
351512,1.0
351515,4.0
351518,3.0
351519,3.0
351520,1.0
351530,1.0
351535,0.0
351540,3.0
351550,5.0
351560,0.0
351565,1.0
351570,4.0
351580,0.0
351590,0.0
351600,0.0
351610,0.0
351620,26.0
351630,9.0
351640,4.0
351650,0.0
351660,0.0
351670,5.0
351680,0.0
351685,0.0
351690,0.0
351700,0.0
351710,2.0
351720,0.0
351730,0.0
351740,3.0
351750,3.0
351760,0.0
351770,2.0
351780,0.0
351790,1.0
351800,0.0
351810,2.0
351820,2.0
351830,3.0
351840,4.0
351850,3.0
351860,3.0
351870,11.0
351880,77.0
351885,1.0
351890,1.0
351900,0.0
351905,2.0
351907,18.0
351910,1.0
351920,0.0
351925,2.0
351930,2.0
351940,0.0
351950,0.0
351960,4.0
351970,4.0
351980,0.0
351990,3.0
352000,0.0
352010,3.0
352020,2.0
352030,4.0
352040,3.0
352042,4.0
352044,1.0
352050,15.0
352060,0.0
352070,0.0
352080,0.0
352090,0.0
352100,0.0
352110,0.0
352115,0.0
352120,1.0
352130,1.0
352140,0.0
352150,0.0
352160,0.0
352170,0.0
352180,4.0
352190,1.0
352200,0.0
352210,14.0
352215,1.0
352220,2.0
352230,12.0
352240,3.0
352250,19.0
352260,6.0
352265,0.0
352270,7.0
352280,1.0
352290,0.0
352300,0.0
352310,4.0
352320,5.0
352330,0.0
352340,6.0
352350,2.0
352360,0.0
352370,0.0
352380,1.0
352390,10.0
352400,7.0
352410,7.0
352420,2.0
352430,7.0
352440,7.0
352450,2.0
352460,0.0
352470,2.0
352480,5.0
352490,1.0
352500,5.0
352510,4.0
352520,3.0
352530,9.0
352540,0.0
352550,2.0
352560,0.0
352570,3.0
352580,0.0
352585,0.0
352590,28.0
352600,1.0
352610,2.0
352620,0.0
352630,0.0
352640,3.0
352650,0.0
352660,0.0
352670,3.0
352680,3.0
352690,29.0
352700,0.0
352710,10.0
352720,4.0
352725,0.0
352730,0.0
352740,3.0
352750,1.0
352760,0.0
352770,3.0
352780,1.0
352790,1.0
352800,0.0
352810,0.0
352820,0.0
352830,0.0
352840,5.0
352850,7.0
352860,0.0
352870,0.0
352880,1.0
352885,0.0
352890,1.0
352900,23.0
352910,0.0
352920,1.0
352930,12.0
352940,14.0
352950,0.0
352960,0.0
352965,0.0
352970,3.0
352980,0.0
352990,4.0
353000,1.0
353010,1.0
353020,2.0
353030,4.0
353040,0.0
353050,6.0
353060,39.0
353070,15.0
353080,8.0
353090,0.0
353100,0.0
353110,1.0
353120,1.0
353130,7.0
353140,0.0
353150,1.0
353160,0.0
353170,1.0
353180,7.0
353190,3.0
353200,2.0
353205,1.0
353210,0.0
353215,1.0
353220,0.0
353230,0.0
353240,0.0
353250,0.0
353260,0.0
353270,0.0
353280,0.0
353282,0.0
353284,0.0
353286,1.0
353290,0.0
353300,1.0
353310,0.0
353320,0.0
353325,0.0
353330,0.0
353340,4.0
353350,4.0
353360,1.0
353370,1.0
353380,0.0
353390,3.0
353400,0.0
353410,0.0
353420,0.0
353430,5.0
353440,40.0
353450,1.0
353460,7.0
353470,7.0
353475,4.0
353480,0.0
353490,7.0
353500,0.0
353510,1.0
353520,2.0
353530,5.0
353540,1.0
353550,3.0
353560,0.0
353570,1.0
353580,0.0
353590,0.0
353600,0.0
353610,1.0
353620,1.0
353625,0.0
353630,2.0
353640,2.0
353650,5.0
353657,1.0
353660,0.0
353670,2.0
353680,0.0
353690,0.0
353700,2.0
353710,4.0
353715,1.0
353720,1.0
353730,4.0
353740,1.0
353750,0.0
353760,6.0
353770,0.0
353780,8.0
353790,0.0
353800,4.0
353810,4.0
353820,0.0
353830,0.0
353850,1.0
353860,2.0
353870,37.0
353880,2.0
353890,2.0
353900,2.0
353910,0.0
353920,4.0
353930,5.0
353940,1.0
353950,4.0
353960,0.0
353970,1.0
353980,2.0
353990,1.0
354000,2.0
354010,0.0
354020,4.0
354025,1.0
354030,0.0
354040,0.0
354050,2.0
354060,6.0
354070,3.0
354075,0.0
354080,2.0
354085,0.0
354090,1.0
354100,20.0
354105,1.0
354110,1.0
354120,1.0
354130,3.0
354140,15.0
354150,0.0
354160,3.0
354165,0.0
354170,1.0
354180,0.0
354190,0.0
354200,1.0
354210,0.0
354220,2.0
354230,0.0
354240,2.0
354250,0.0
354260,4.0
354270,0.0
354280,0.0
354290,2.0
354300,1.0
354310,1.0
354320,1.0
354323,0.0
354325,0.0
354330,5.0
354340,45.0
354350,0.0
354360,1.0
354370,0.0
354380,0.0
354390,15.0
354400,4.0
354410,2.0
354420,4.0
354425,3.0
354430,0.0
354440,0.0
354450,0.0
354460,1.0
354470,0.0
354480,1.0
354490,0.0
354500,0.0
354510,1.0
354515,0.0
354520,8.0
354530,5.0
354540,1.0
354550,0.0
354560,0.0
354570,0.0
354580,11.0
354600,0.0
354610,0.0
354620,1.0
354625,0.0
354630,2.0
354640,5.0
354650,0.0
354660,6.0
354670,0.0
354680,3.0
354690,0.0
354700,1.0
354710,1.0
354720,0.0
354730,5.0
354740,0.0
354750,2.0
354760,1.0
354765,0.0
354770,4.0
354780,26.0
354790,2.0
354800,3.0
354805,0.0
354810,1.0
354820,0.0
354830,1.0
354840,0.0
354850,22.0
354860,1.0
354870,37.0
354880,8.0
354890,19.0
354900,0.0
354910,12.0
354920,1.0
354925,1.0
354930,0.0
354940,5.0
354950,0.0
354960,0.0
354970,3.0
354980,24.0
354990,26.0
354995,0.0
355000,0.0
355010,5.0
355020,0.0
355030,226.0
355040,0.0
355050,1.0
355060,8.0
355070,6.0
355080,2.0
355090,0.0
355100,22.0
355110,1.0
355120,0.0
355130,1.0
355140,0.0
355150,4.0
355160,1.0
355170,4.0
355180,1.0
355190,1.0
355200,0.0
355210,2.0
355220,52.0
355230,0.0
355240,16.0
355250,13.0
355255,0.0
355260,0.0
355270,1.0
355280,11.0
355290,0.0
355300,2.0
355310,1.0
355320,0.0
355330,2.0
355340,2.0
355350,0.0
355360,1.0
355365,0.0
355370,3.0
355380,3.0
355385,1.0
355390,1.0
355395,1.0
355400,8.0
355410,10.0
355420,1.0
355430,1.0
355440,0.0
355450,4.0
355460,0.0
355465,0.0
355470,1.0
355475,0.0
355480,4.0
355490,0.0
355495,1.0
355500,8.0
355510,1.0
355520,0.0
355530,0.0
355535,0.0
355540,11.0
355550,0.0
355560,0.0
355570,0.0
355580,0.0
355590,0.0
355600,3.0
355610,1.0
355620,8.0
355630,0.0
355635,0.0
355640,3.0
355645,2.0
355650,10.0
355660,1.0
355670,1.0
355680,1.0
355690,0.0
355695,0.0
355700,10.0
355710,8.0
355715,0.0
355720,0.0
355730,0.0
410010,0.0
410020,1.0
410030,0.0
410040,7.0
410045,0.0
410050,1.0
410060,0.0
410070,0.0
410080,1.0
410090,2.0
410100,2.0
410105,0.0
410110,6.0
410115,0.0
410120,2.0
410130,1.0
410140,15.0
410150,15.0
410160,0.0
410165,0.0
410170,1.0
410180,13.0
410185,1.0
410190,3.0
410200,4.0
410210,2.0
410220,1.0
410230,0.0
410240,3.0
410250,0.0
410260,0.0
410270,0.0
410275,1.0
410280,2.0
410290,3.0
410300,0.0
410302,1.0
410304,0.0
410305,3.0
410310,0.0
410315,1.0
410320,0.0
410322,0.0
410330,0.0
410335,1.0
410337,0.0
410340,0.0
410345,2.0
410347,0.0
410350,1.0
410360,5.0
410370,12.0
410380,3.0
410390,0.0
410395,0.0
410400,1.0
410405,1.0
410410,0.0
410420,13.0
410425,2.0
410430,4.0
410440,1.0
410442,0.0
410445,3.0
410450,4.0
410460,1.0
410465,4.0
410470,0.0
410480,28.0
410490,1.0
410500,0.0
410510,0.0
410520,1.0
410530,1.0
410540,3.0
410550,1.0
410560,1.0
410570,0.0
410580,17.0
410590,1.0
410600,1.0
410610,0.0
410620,0.0
410630,6.0
410640,1.0
410645,2.0
410650,4.0
410655,0.0
410657,2.0
410660,1.0
410670,0.0
410680,5.0
410685,1.0
410690,113.0
410700,1.0
410710,1.0
410712,2.0
410715,1.0
410720,9.0
410725,2.0
410730,2.0
410740,0.0
410750,0.0
410752,0.0
410753,2.0
410754,2.0
410755,0.0
410760,4.0
410765,11.0
410770,0.0
410773,0.0
410775,3.0
410780,0.0
410785,0.0
410790,0.0
410800,2.0
410810,0.0
410820,2.0
410830,23.0
410832,0.0
410840,14.0
410845,1.0
410850,0.0
410855,0.0
410860,3.0
410865,3.0
410870,2.0
410880,3.0
410890,0.0
410895,0.0
410900,2.0
410910,0.0
410920,0.0
410930,0.0
410940,16.0
410950,0.0
410960,3.0
410965,1.0
410970,1.0
410975,0.0
410980,6.0
410990,1.0
411000,0.0
411005,0.0
411007,0.0
411010,0.0
411020,0.0
411030,0.0
411040,0.0
411050,1.0
411060,1.0
411065,0.0
411070,1.0
411080,0.0
411090,1.0
411095,1.0
411100,1.0
411110,0.0
411120,1.0
411125,3.0
411130,0.0
411140,1.0
411150,5.0
411155,0.0
411160,1.0
411170,0.0
411180,7.0
411190,1.0
411200,0.0
411210,4.0
411220,0.0
411230,0.0
411240,1.0
411250,2.0
411260,0.0
411270,1.0
411275,1.0
411280,1.0
411290,0.0
411295,2.0
411300,1.0
411310,1.0
411320,3.0
411325,0.0
411330,4.0
411340,0.0
411342,0.0
411345,0.0
411350,5.0
411360,2.0
411370,43.0
411373,0.0
411375,0.0
411380,0.0
411390,3.0
411400,2.0
411410,1.0
411420,2.0
411430,1.0
411435,1.0
411440,1.0
411450,4.0
411460,8.0
411470,1.0
411480,2.0
411490,1.0
411500,1.0
411510,3.0
411520,29.0
411530,1.0
411535,0.0
411540,2.0
411545,1.0
411550,0.0
411560,1.0
411570,5.0
411573,0.0
411575,0.0
411580,8.0
411585,1.0
411590,1.0
411600,1.0
411605,2.0
411610,1.0
411620,3.0
411630,0.0
411640,1.0
411650,0.0
411660,0.0
411670,0.0
411680,1.0
411690,1.0
411695,1.0
411700,1.0
411705,1.0
411710,0.0
411720,0.0
411721,0.0
411722,3.0
411725,0.0
411727,1.0
411729,0.0
411730,0.0
411740,0.0
411745,1.0
411750,0.0
411760,9.0
411770,1.0
411780,0.0
411790,1.0
411800,3.0
411810,0.0
411820,19.0
411830,0.0
411840,8.0
411845,0.0
411850,10.0
411860,1.0
411870,1.0
411880,1.0
411885,0.0
411890,1.0
411900,1.0
411910,1.0
411915,17.0
411920,1.0
411925,2.0
411930,3.0
411940,0.0
411950,8.0
411960,4.0
411965,1.0
411970,0.0
411980,2.0
411990,11.0
411995,3.0
412000,0.0
412010,0.0
412015,3.0
412020,0.0
412030,1.0
412033,0.0
412035,0.0
412040,0.0
412050,0.0
412060,4.0
412065,0.0
412070,1.0
412080,1.0
412085,3.0
412090,8.0
412100,1.0
412110,0.0
412120,0.0
412125,0.0
412130,1.0
412135,0.0
412140,3.0
412150,1.0
412160,2.0
412170,0.0
412175,1.0
412180,0.0
412190,1.0
412200,1.0
412210,0.0
412215,2.0
412217,0.0
412220,2.0
412230,2.0
412240,4.0
412250,1.0
412260,1.0
412265,1.0
412270,0.0
412280,1.0
412290,1.0
412300,4.0
412310,0.0
412320,0.0
412330,0.0
412340,3.0
412350,3.0
412360,1.0
412370,0.0
412380,1.0
412382,0.0
412385,1.0
412390,1.0
412395,0.0
412400,1.0
412402,0.0
412405,3.0
412410,2.0
412420,0.0
412430,1.0
412440,1.0
412450,0.0
412460,1.0
412470,0.0
412480,2.0
412490,0.0
412500,0.0
412510,0.0
412520,1.0
412530,0.0
412535,0.0
412540,2.0
412545,0.0
412550,10.0
412555,0.0
412560,2.0
412570,5.0
412575,1.0
412580,0.0
412590,0.0
412600,0.0
412610,0.0
412620,0.0
412625,10.0
412627,0.0
412630,0.0
412635,0.0
412640,0.0
412650,2.0
412660,8.0
412665,0.0
412667,1.0
412670,0.0
412680,1.0
412690,0.0
412700,2.0
412710,0.0
412720,1.0
412730,1.0
412740,1.0
412750,1.0
412760,0.0
412770,21.0
412780,2.0
412785,4.0
412788,0.0
412790,2.0
412795,1.0
412796,1.0
412800,0.0
412810,15.0
412820,6.0
412830,0.0
412840,1.0
412850,4.0
412853,0.0
412855,0.0
412860,2.0
412862,1.0
412863,0.0
412865,0.0
412870,1.0
412880,3.0
420005,0.0
420010,3.0
420020,1.0
420030,2.0
420040,3.0
420050,3.0
420055,0.0
420060,1.0
420070,1.0
420075,0.0
420080,1.0
420090,2.0
420100,0.0
420110,0.0
420120,0.0
420125,1.0
420127,1.0
420130,1.0
420140,12.0
420150,2.0
420160,1.0
420165,0.0
420170,0.0
420180,0.0
420190,0.0
420195,2.0
420200,13.0
420205,0.0
420207,1.0
420208,0.0
420209,0.0
420210,7.0
420213,0.0
420215,0.0
420220,1.0
420230,4.0
420240,39.0
420243,1.0
420245,0.0
420250,1.0
420253,2.0
420257,1.0
420260,1.0
420270,0.0
420280,8.0
420285,0.0
420287,1.0
420290,16.0
420300,7.0
420310,3.0
420315,1.0
420320,7.0
420325,0.0
420330,0.0
420340,1.0
420350,1.0
420360,4.0
420370,2.0
420380,7.0
420390,3.0
420395,3.0
420400,3.0
420410,0.0
420415,0.0
420417,2.0
420419,1.0
420420,18.0
420425,2.0
420430,17.0
420435,0.0
420440,3.0
420445,0.0
420450,5.0
420455,1.0
420460,27.0
420470,2.0
420475,0.0
420480,1.0
420490,1.0
420500,6.0
420510,1.0
420515,1.0
420517,1.0
420519,0.0
420520,0.0
420530,0.0
420535,0.0
420540,33.0
420543,0.0
420545,3.0
420550,3.0
420555,0.0
420560,0.0
420570,2.0
420580,1.0
420590,8.0
420600,0.0
420610,4.0
420620,1.0
420630,1.0
420640,0.0
420650,4.0
420660,1.0
420665,0.0
420670,2.0
420675,0.0
420680,1.0
420690,2.0
420700,5.0
420710,3.0
420720,2.0
420730,3.0
420740,1.0
420750,3.0
420757,1.0
420760,3.0
420765,1.0
420768,4.0
420770,1.0
420775,0.0
420780,1.0
420785,0.0
420790,4.0
420800,0.0
420810,1.0
420820,25.0
420830,6.0
420840,1.0
420845,3.0
420850,4.0
420860,1.0
420870,2.0
420880,3.0
420890,10.0
420895,0.0
420900,2.0
420910,44.0
420915,2.0
420917,0.0
420920,1.0
420930,18.0
420940,7.0
420945,0.0
420950,1.0
420960,2.0
420970,1.0
420980,0.0
420985,2.0
420990,0.0
421000,2.0
421003,1.0
421005,0.0
421010,5.0
421020,0.0
421030,1.0
421040,2.0
421050,9.0
421055,0.0
421060,5.0
421070,0.0
421080,0.0
421085,0.0
421090,1.0
421100,0.0
421105,1.0
421110,0.0
421120,4.0
421125,0.0
421130,5.0
421140,1.0
421145,2.0
421150,2.0
421160,3.0
421165,0.0
421170,2.0
421175,1.0
421180,1.0
421185,0.0
421187,0.0
421189,0.0
421190,15.0
421200,0.0
421205,0.0
421210,2.0
421220,3.0
421223,2.0
421225,1.0
421227,0.0
421230,0.0
421240,1.0
421250,6.0
421260,0.0
421265,2.0
421270,2.0
421280,5.0
421290,3.0
421300,0.0
421310,0.0
421315,1.0
421320,4.0
421330,1.0
421335,1.0
421340,1.0
421350,4.0
421360,5.0
421370,2.0
421380,1.0
421390,1.0
421400,3.0
421410,1.0
421415,1.0
421420,1.0
421430,0.0
421440,1.0
421450,2.0
421460,0.0
421470,1.0
421480,8.0
421490,2.0
421500,4.0
421505,1.0
421507,1.0
421510,4.0
421520,1.0
421530,4.0
421535,0.0
421540,0.0
421545,1.0
421550,1.0
421555,0.0
421560,1.0
421565,1.0
421567,3.0
421568,0.0
421569,0.0
421570,2.0
421575,0.0
421580,10.0
421590,1.0
421600,5.0
421605,2.0
421610,0.0
421620,4.0
421625,3.0
421630,2.0
421635,2.0
421640,2.0
421650,3.0
421660,17.0
421670,2.0
421680,2.0
421690,2.0
421700,5.0
421710,1.0
421715,0.0
421720,7.0
421725,0.0
421730,3.0
421740,2.0
421750,3.0
421755,1.0
421760,2.0
421770,3.0
421775,1.0
421780,2.0
421790,1.0
421795,0.0
421800,4.0
421810,0.0
421820,5.0
421825,1.0
421830,2.0
421835,0.0
421840,1.0
421850,1.0
421860,2.0
421870,11.0
421875,1.0
421880,3.0
421885,0.0
421890,2.0
421895,0.0
421900,2.0
421910,0.0
421915,2.0
421917,0.0
421920,2.0
421930,6.0
421935,2.0
421940,3.0
421950,2.0
421960,0.0
421970,5.0
421985,1.0
422000,0.0
430003,0.0
430005,0.0
430010,2.0
430020,0.0
430030,2.0
430040,13.0
430045,1.0
430047,0.0
430050,3.0
430055,0.0
430057,2.0
430060,20.0
430063,0.0
430064,0.0
430066,0.0
430070,3.0
430080,1.0
430085,0.0
430087,1.0
430090,4.0
430100,2.0
430105,0.0
430107,0.0
430110,0.0
430120,2.0
430130,2.0
430140,4.0
430150,2.0
430155,0.0
430160,12.0
430163,2.0
430165,1.0
430170,1.0
430175,0.0
430180,1.0
430185,0.0
430187,1.0
430190,2.0
430192,0.0
430195,0.0
430200,2.0
430205,1.0
430210,21.0
430215,0.0
430220,0.0
430222,0.0
430223,0.0
430225,1.0
430230,1.0
430235,1.0
430237,0.0
430240,0.0
430245,2.0
430250,4.0
430258,0.0
430260,0.0
430265,2.0
430270,1.0
430280,12.0
430290,0.0
430300,10.0
430310,9.0
430320,0.0
430330,0.0
430340,1.0
430350,13.0
430355,1.0
430360,0.0
430367,0.0
430370,2.0
430380,1.0
430390,6.0
430400,0.0
430410,0.0
430420,12.0
430430,1.0
430435,0.0
430440,9.0
430450,9.0
430460,27.0
430461,0.0
430462,3.0
430463,4.0
430465,0.0
430466,5.0
430467,2.0
430468,0.0
430469,0.0
430470,13.0
430471,3.0
430480,3.0
430485,0.0
430490,1.0
430495,0.0
430500,3.0
430510,39.0
430511,0.0
430512,0.0
430513,1.0
430515,0.0
430517,3.0
430520,5.0
430530,2.0
430535,4.0
430537,0.0
430540,0.0
430543,0.0
430544,0.0
430545,1.0
430550,1.0
430558,2.0
430560,1.0
430570,0.0
430580,3.0
430583,0.0
430585,0.0
430587,0.0
430590,1.0
430593,1.0
430595,2.0
430597,0.0
430600,2.0
430605,0.0
430607,3.0
430610,3.0
430613,0.0
430620,1.0
430630,1.0
430632,1.0
430635,1.0
430637,1.0
430640,3.0
430642,0.0
430645,0.0
430650,2.0
430655,0.0
430660,9.0
430670,2.0
430673,0.0
430675,0.0
430676,1.0
430680,3.0
430690,5.0
430692,1.0
430693,1.0
430695,0.0
430697,1.0
430700,11.0
430705,0.0
430710,4.0
430720,1.0
430730,2.0
430740,1.0
430745,0.0
430750,2.0
430755,0.0
430760,9.0
430770,9.0
430780,3.0
430781,3.0
430783,0.0
430786,1.0
430790,2.0
430800,0.0
430805,1.0
430807,1.0
430810,1.0
430820,2.0
430825,0.0
430830,0.0
430840,0.0
430843,2.0
430845,1.0
430850,2.0
430860,7.0
430865,1.0
430870,1.0
430880,0.0
430885,1.0
430890,2.0
430900,2.0
430905,1.0
430910,6.0
430912,1.0
430915,2.0
430920,17.0
430925,0.0
430930,10.0
430940,4.0
430950,1.0
430955,0.0
430957,0.0
430960,5.0
430965,1.0
430970,1.0
430975,2.0
430980,2.0
430990,2.0
430995,0.0
431000,2.0
431010,2.0
431020,12.0
431030,1.0
431033,1.0
431036,0.0
431040,0.0
431041,0.0
431043,1.0
431046,0.0
431050,4.0
431053,0.0
431055,0.0
431057,0.0
431060,4.0
431065,1.0
431070,0.0
431075,0.0
431080,2.0
431085,1.0
431087,0.0
431090,0.0
431100,3.0
431110,0.0
431112,0.0
431113,2.0
431115,1.0
431120,3.0
431123,1.0
431125,0.0
431127,0.0
431130,5.0
431140,15.0
431142,1.0
431150,1.0
431160,1.0
431162,0.0
431164,0.0
431170,0.0
431171,0.0
431173,1.0
431175,1.0
431177,0.0
431179,1.0
431180,11.0
431190,0.0
431198,1.0
431200,0.0
431205,0.0
431210,0.0
431213,0.0
431215,1.0
431217,0.0
431220,0.0
431225,0.0
431230,1.0
431235,0.0
431237,0.0
431238,0.0
431240,10.0
431242,0.0
431244,0.0
431245,1.0
431247,3.0
431250,0.0
431260,0.0
431261,0.0
431262,0.0
431265,3.0
431267,3.0
431270,4.0
431275,0.0
431280,2.0
431290,0.0
431295,1.0
431300,1.0
431301,2.0
431303,1.0
431306,3.0
431308,0.0
431310,0.0
431320,1.0
431330,5.0
431333,0.0
431335,0.0
431337,1.0
431339,1.0
431340,24.0
431342,0.0
431344,3.0
431346,0.0
431349,1.0
431350,12.0
431360,0.0
431365,2.0
431370,6.0
431380,1.0
431390,3.0
431395,2.0
431400,1.0
431402,2.0
431403,2.0
431405,8.0
431406,1.0
431407,2.0
431410,27.0
431413,1.0
431415,2.0
431417,0.0
431420,3.0
431430,1.0
431440,55.0
431442,0.0
431445,1.0
431446,0.0
431447,0.0
431449,0.0
431450,2.0
431454,1.0
431455,1.0
431460,3.0
431470,3.0
431475,1.0
431477,0.0
431478,0.0
431480,2.0
431490,130.0
431500,1.0
431505,0.0
431507,0.0
431510,3.0
431513,0.0
431514,0.0
431515,2.0
431517,0.0
431520,0.0
431530,3.0
431531,0.0
431532,0.0
431535,1.0
431540,1.0
431545,0.0
431550,2.0
431555,0.0
431560,25.0
431570,4.0
431575,2.0
431580,4.0
431590,0.0
431595,0.0
431600,6.0
431610,2.0
431620,3.0
431630,1.0
431640,5.0
431642,1.0
431643,0.0
431645,2.0
431647,0.0
431650,2.0
431660,0.0
431670,0.0
431673,1.0
431675,3.0
431680,21.0
431690,43.0
431695,0.0
431697,2.0
431700,2.0
431710,8.0
431720,11.0
431725,0.0
431730,6.0
431740,6.0
431750,10.0
431755,1.0
431760,9.0
431770,2.0
431775,0.0
431780,5.0
431790,3.0
431795,0.0
431800,5.0
431805,0.0
431810,2.0
431820,5.0
431830,10.0
431840,2.0
431842,0.0
431843,1.0
431844,0.0
431845,0.0
431846,0.0
431848,2.0
431849,1.0
431850,4.0
431860,0.0
431861,0.0
431862,0.0
431870,17.0
431880,1.0
431890,5.0
431900,2.0
431910,3.0
431912,1.0
431915,1.0
431920,1.0
431930,2.0
431935,0.0
431936,0.0
431937,1.0
431940,4.0
431950,3.0
431960,3.0
431970,3.0
431971,0.0
431973,0.0
431975,0.0
431980,2.0
431990,7.0
432000,12.0
432010,2.0
432020,2.0
432023,1.0
432026,1.0
432030,0.0
432032,0.0
432035,0.0
432040,2.0
432045,3.0
432050,2.0
432055,0.0
432057,2.0
432060,1.0
432065,0.0
432067,2.0
432070,6.0
432080,3.0
432085,1.0
432090,6.0
432100,3.0
432110,5.0
432120,8.0
432130,6.0
432132,0.0
432135,1.0
432140,3.0
432143,1.0
432145,2.0
432146,0.0
432147,1.0
432149,1.0
432150,3.0
432160,2.0
432162,0.0
432163,0.0
432166,0.0
432170,3.0
432180,7.0
432183,0.0
432185,0.0
432190,6.0
432195,2.0
432200,3.0
432210,0.0
432215,0.0
432218,0.0
432220,2.0
432225,3.0
432230,1.0
432232,0.0
432234,0.0
432235,1.0
432237,1.0
432240,12.0
432250,8.0
432252,1.0
432253,2.0
432254,0.0
432255,0.0
432260,27.0
432270,11.0
432280,1.0
432285,1.0
432290,1.0
432300,24.0
432310,2.0
432320,0.0
432330,1.0
432335,0.0
432340,0.0
432345,2.0
432350,0.0
432360,1.0
432370,1.0
432375,2.0
432377,0.0
432380,3.0
500020,0.0
500025,0.0
500060,8.0
500070,2.0
500080,0.0
500085,2.0
500090,1.0
500100,1.0
500110,4.0
500124,1.0
500150,1.0
500190,1.0
500200,0.0
500210,3.0
500215,2.0
500220,5.0
500230,0.0
500240,1.0
500260,1.0
500270,93.0
500280,1.0
500290,2.0
500295,3.0
500310,0.0
500315,5.0
500320,6.0
500325,2.0
500330,1.0
500345,2.0
500348,0.0
500350,1.0
500370,23.0
500375,1.0
500380,0.0
500400,0.0
500410,1.0
500430,2.0
500440,0.0
500450,1.0
500460,1.0
500470,3.0
500480,3.0
500490,0.0
500500,5.0
500510,1.0
500515,1.0
500520,0.0
500525,1.0
500540,4.0
500560,0.0
500568,5.0
500570,6.0
500580,1.0
500600,1.0
500620,6.0
500625,0.0
500627,0.0
500630,5.0
500635,2.0
500640,3.0
500660,9.0
500690,0.0
500710,0.0
500720,2.0
500730,0.0
500740,1.0
500750,0.0
500755,0.0
500769,2.0
500770,0.0
500780,0.0
500790,4.0
500793,2.0
500795,3.0
500797,2.0
500800,0.0
500830,11.0
500840,1.0
510010,1.0
510020,4.0
510025,5.0
510030,0.0
510035,0.0
510040,1.0
510050,3.0
510060,0.0
510080,1.0
510100,2.0
510120,0.0
510125,2.0
510130,1.0
510140,1.0
510160,0.0
510170,3.0
510180,5.0
510185,1.0
510190,2.0
510250,4.0
510260,0.0
510263,1.0
510267,4.0
510268,0.0
510269,1.0
510270,2.0
510279,0.0
510285,1.0
510300,0.0
510305,1.0
510310,0.0
510320,3.0
510325,0.0
510330,0.0
510335,5.0
510336,0.0
510337,4.0
510340,32.0
510343,1.0
510345,0.0
510350,2.0
510360,1.0
510370,1.0
510380,0.0
510385,0.0
510390,1.0
510395,1.0
510410,4.0
510420,2.0
510450,0.0
510455,0.0
510460,1.0
510480,2.0
510490,0.0
510500,0.0
510510,2.0
510515,3.0
510517,1.0
510520,3.0
510523,1.0
510525,4.0
510530,0.0
510550,0.0
510558,0.0
510560,3.0
510562,5.0
510590,0.0
510600,1.0
510610,0.0
510615,0.0
510617,0.0
510618,1.0
510619,0.0
510620,0.0
510621,2.0
510622,5.0
510623,0.0
510624,0.0
510625,5.0
510626,0.0
510627,0.0
510628,0.0
510629,0.0
510630,1.0
510631,0.0
510637,2.0
510642,4.0
510645,0.0
510650,4.0
510665,1.0
510670,0.0
510675,1.0
510677,1.0
510680,0.0
510682,1.0
510685,0.0
510700,1.0
510704,5.0
510706,0.0
510710,3.0
510715,0.0
510718,0.0
510719,2.0
510720,0.0
510724,0.0
510726,0.0
510729,1.0
510730,0.0
510735,3.0
510740,0.0
510757,0.0
510760,20.0
510770,1.0
510774,0.0
510775,0.0
510776,0.0
510777,0.0
510779,0.0
510780,1.0
510785,0.0
510787,1.0
510788,0.0
510790,8.0
510792,5.0
510794,0.0
510795,2.0
510800,2.0
510805,1.0
510810,0.0
510820,1.0
510830,0.0
510835,0.0
510840,19.0
510850,0.0
510860,4.0
510880,0.0
510885,0.0
510890,0.0
510895,3.0
520005,1.0
520010,1.0
520013,2.0
520015,0.0
520017,0.0
520020,0.0
520025,10.0
520030,2.0
520050,0.0
520055,1.0
520060,3.0
520080,0.0
520082,0.0
520085,1.0
520090,0.0
520110,32.0
520120,0.0
520130,1.0
520140,43.0
520145,0.0
520150,0.0
520160,0.0
520170,4.0
520180,4.0
520215,0.0
520235,0.0
520250,2.0
520260,0.0
520280,0.0
520310,0.0
520320,2.0
520330,0.0
520340,0.0
520350,6.0
520355,2.0
520357,1.0
520360,0.0
520380,0.0
520390,0.0
520393,0.0
520396,0.0
520400,1.0
520410,0.0
520420,0.0
520425,1.0
520430,2.0
520440,4.0
520450,9.0
520455,0.0
520460,0.0
520465,0.0
520470,1.0
520480,1.0
520485,0.0
520490,0.0
520495,0.0
520500,0.0
520505,0.0
520510,8.0
520520,0.0
520530,0.0
520540,1.0
520545,0.0
520547,0.0
520549,5.0
520551,4.0
520552,2.0
520570,0.0
520580,1.0
520590,0.0
520620,5.0
520630,1.0
520640,2.0
520650,0.0
520660,0.0
520670,0.0
520680,0.0
520690,0.0
520710,0.0
520725,1.0
520735,1.0
520740,0.0
520750,0.0
520753,0.0
520760,1.0
520780,0.0
520790,0.0
520800,9.0
520810,0.0
520815,0.0
520830,0.0
520840,2.0
520850,0.0
520860,5.0
520870,124.0
520880,9.0
520890,4.0
520910,1.0
520915,1.0
520920,1.0
520929,0.0
520940,0.0
520945,1.0
520960,0.0
520970,4.0
520980,0.0
520990,0.0
520993,0.0
520995,1.0
521000,5.0
521010,5.0
521015,0.0
521020,1.0
521030,0.0
521040,10.0
521056,0.0
521060,0.0
521080,0.0
521090,2.0
521100,0.0
521120,3.0
521130,0.0
521140,0.0
521150,11.0
521160,0.0
521170,0.0
521180,6.0
521190,11.0
521200,1.0
521205,0.0
521210,0.0
521220,2.0
521225,0.0
521230,1.0
521250,17.0
521260,0.0
521270,0.0
521280,3.0
521290,1.0
521295,0.0
521300,2.0
521305,0.0
521308,4.0
521310,7.0
521340,1.0
521350,0.0
521370,2.0
521375,2.0
521377,0.0
521380,4.0
521385,0.0
521390,0.0
521400,2.0
521405,5.0
521410,0.0
521440,0.0
521450,3.0
521460,2.0
521470,0.0
521480,0.0
521483,3.0
521486,3.0
521487,0.0
521490,1.0
521500,0.0
521520,0.0
521523,7.0
521525,0.0
521530,0.0
521540,0.0
521550,2.0
521560,0.0
521565,0.0
521570,1.0
521580,0.0
521590,1.0
521600,0.0
521630,1.0
521640,1.0
521645,0.0
521680,1.0
521690,0.0
521710,4.0
521720,3.0
521730,2.0
521740,4.0
521760,10.0
521770,3.0
521800,5.0
521805,1.0
521810,0.0
521830,2.0
521839,0.0
521850,4.0
521860,2.0
521870,0.0
521878,0.0
521880,15.0
521890,3.0
521900,1.0
521910,1.0
521920,1.0
521925,0.0
521930,5.0
521935,0.0
521940,1.0
521945,0.0
521950,0.0
521960,0.0
521970,1.0
521971,0.0
521973,0.0
521975,3.0
521980,1.0
521990,1.0
522000,0.0
522005,0.0
522010,2.0
522015,0.0
522020,4.0
522026,0.0
522028,0.0
522040,1.0
522045,10.0
522050,0.0
522060,2.0
522068,0.0
522070,0.0
522100,1.0
522108,0.0
522119,0.0
522130,0.0
522140,11.0
522145,0.0
522150,1.0
522155,0.0
522157,0.0
522160,5.0
522170,0.0
522180,0.0
522185,9.0
522190,1.0
522200,1.0
522205,0.0
522220,0.0
522230,0.0
530010,205.0
